angle_0,angle_10,angle_20,angle_30,angle_40,angle_50,angle_60,angle_70,angle_80,angle_90,angle_100,angle_110,angle_120,angle_130,angle_140,angle_150,angle_160,angle_170,angle_180,angle_190,angle_200,angle_210,angle_220,angle_230,angle_240,angle_250,angle_260,angle_270,angle_280,angle_290,angle_300,angle_310,angle_320,angle_330,angle_340,angle_350
13.104566291291786,14.029310068897342,12.134454022416518,7.227587480403306,7.50768445425953,14.250691528975286,13.126364898197004,11.183600681531447,9.457499644052618,15.3012097944685,15.216450137722575,12.220984384468862,2.0476782228256765,2.0476782228256765,14.919885613793245,18.19033415316956,1.362241206605713,1.362241206605713,16.40680431960359,8.151808871512744,12.528262452904773,19.785714440235342,15.302339769504645,18.17335847803503,16.1062039466309,18.4776040161635,10.9462696664522,10.025992358216438,16.917793104649434,9.82612511082003,13.700809509692036,16.81556533514119,19.305130505995013,13.593052800126339,6.77018249730077,17.462643336787327
7.761350330037779,9.671208759280736,17.56293255061995,6.794473751587096,4.829052277069163,4.829052277069163,4.829052277069163,4.829052277069163,12.143639868623717,14.97601589717503,7.887523199783173,12.73352133622093,17.912361872561235,13.037636079706909,15.33639930133205,5.297584307785157,13.290281416186161,8.133040443680212,18.06322901364633,11.837943973355028,10.81177255007533,10.28701281937708,16.010112776758472,12.836204933253237,15.234718693487217,16.966533121345442,3.3968852635597004,14.395582293749156,8.679042202127027,5.967369833574549,10.630882614193716,16.145071342911972,13.832429754479321,7.345503517878705,18.2917433395224,14.51786497403871
12.830804370741912,10.690413414046432,17.782846227449355,11.825092842387797,9.125584261060556,14.139228815726716,14.005907067454983,15.531371669664608,19.707869282124964,18.710210370917114,9.996265332728132,9.952139001084701,19.494028642141593,19.05209815580502,7.155209778552599,5.738081239883061,14.987880407304552,6.712380236679495,6.3817540738269365,2.88554898351422,13.645062885997065,19.122215635502315,9.148516056643205,16.39761672964978,17.937597614502028,5.239121794108994,19.25777366936731,18.19944045192876,15.719966494120042,5.224608910125468,6.0786541019530445,11.455582142953755,11.93561470004952,17.55984780977791,12.416746395064079,10.588805107724552
9.940348086747637,13.595237048092235,5.227912135659929,15.070050455684406,11.93408981467646,12.734383487606612,16.77388186077563,12.92801281092702,14.705603139724571,11.986065681871628,3.2840974747805634,3.2840974747805634,13.631313171168097,12.877260537380417,8.90638284638951,8.707499838914018,14.555147422379138,9.440019516311484,13.151256725669933,11.232731774762572,11.136373083930083,9.613419246207544,8.436542887614609,13.806025969962084,11.047787094133636,15.469421001783811,10.25623112172495,11.485659516506779,6.234137147013878,5.487356583564406,13.48571051513878,10.676780286274585,19.97960766041203,13.808479098655848,15.080402947135509,14.72306434313635
4.291116995937286,4.291116995937286,4.291116995937286,6.376860787951656,17.33126736432461,9.46105135099497,6.78892052191808,2.548694001803847,2.548694001803847,11.023666910187744,5.873247797693468,5.4818634709429475,10.16361451919903,8.345442278773127,16.848262069426443,9.821411041256031,18.777651535138446,13.512197820733242,9.388615078843149,14.80855498484588,15.909013834300504,18.545129594699254,9.717545590822535,14.79650445135304,6.712979362380325,10.78231413426491,11.607810136397413,13.203617959822179,9.286464389587524,2.415757277786307,2.415757277786307,2.415757277786307,14.97602023220509,19.887459945155886,7.395078887646973,14.530957394201018
4.140903671706035,4.140903671706035,13.474495996681327,4.461686218531641,4.461686218531641,4.461686218531641,4.461686218531641,9.119824764928019,15.825284687259796,14.704499369530865,6.278679916073545,9.751219803782018,11.94894139474698,15.55209112693673,14.506050122094205,16.882813209811523,11.970019714979868,15.496338236465816,11.582043991145705,14.176203638632995,10.087562737707058,7.493539735516045,9.882295084714286,9.43455756951365,10.574296749894808,5.4159631662757715,11.442033657026311,8.244470742081367,10.854301214259099,5.365394346123309,19.921417250179083,11.337994980682454,6.198623149039093,16.371211695700634,7.554186295410103,4.140903671706035
12.857099027363036,10.989651054067467,8.46868780356892,11.67649039912384,6.045622301042976,18.456946107544624,11.140544348035863,18.29538244277308,16.454701890987746,18.563514539484764,14.616258846922126,13.787547265421239,9.332116663579209,3.5242548125527406,3.5242548125527406,3.5242548125527406,3.5242548125527406,19.501283415338083,19.246155773456444,18.829915476637666,4.400501538813105,12.719342038193364,7.805174064111561,8.483973130547243,19.26439342346674,9.57946506118938,9.514424420426094,9.423127292386464,13.475978855127424,8.319154621345493,14.650786405636703,15.14074506061699,3.649218126528436,19.123844922222897,6.557443631038266,6.976755221002414
16.896949564007397,12.448476399634256,18.904457272410994,6.618509937114628,15.413139786199435,19.363803761917854,14.033695472667276,10.542900650081931,14.391563364958976,9.214721129450114,14.415024806120767,17.425382578811515,7.008812144957399,15.473952382531118,18.104027497270977,15.804359570222491,15.555477583211182,14.44712378753304,19.182972897454157,18.025946808329472,16.16087043978763,19.94949973061353,6.499587077000944,9.376524072033355,17.487668541219243,16.27828102978069,13.266815960213982,6.818407704947604,14.587526655726887,18.2707782642804,3.921591742399196,3.921591742399196,3.921591742399196,10.803720649976515,19.524467886092996,19.498192831532087
5.8317786553807185,10.996694126680273,17.644924384919417,19.590245674159405,8.161147766436118,6.955351414252593,14.357321943492291,5.147343960826042,18.573251554133932,16.03551966186498,6.955429958308076,14.138549407562575,6.28541147538062,10.039009438336572,13.193870262009394,8.060582045923319,8.153177942715065,1.5846793269140442,1.5846793269140442,1.5846793269140442,1.5846793269140442,8.692385555256788,14.737731046972607,12.828298224635718,18.8192554435863,11.9163465849198,9.081706567160252,13.570068713137527,14.90259192766483,13.186774704587652,15.74913690452446,9.981667802843585,12.98909003972508,11.19250075682363,15.883771334140347,5.617740790741933
10.991117380414078,14.673674478572929,12.834596361115201,5.211715544832786,18.137112674013803,16.35523673678838,18.17400857067791,13.062688575880186,15.95492618306152,5.605157371795347,14.50029356489115,13.275014430891483,13.88502600078214,15.657300279864232,12.94065879420569,15.748054484346452,8.0179513340866,16.140694146281728,9.820635839788117,9.369425222176032,9.077993964689812,18.84030956726263,4.826719441628743,4.826719441628743,10.594138716714935,15.992499073078758,19.371695198756527,14.455790948648685,10.366794528148702,19.178073209263154,8.102837611962407,8.70266935078109,17.358238216893596,5.167665958489514,17.182658100080715,18.67449780176271
10.480890076062986,19.504659491044883,8.928210812319746,9.034243568999425,9.28262130602324,7.679082513385714,5.781477977195677,5.592677351198297,19.19024787166411,9.710318470675073,12.230278557308221,10.764237340787565,10.708385932033877,17.450537193024115,18.742749031686976,16.8225714945791,19.42475794471036,8.174427783078107,7.303790555185559,18.34343980302636,9.927905633680828,16.81004670949359,10.955249602300313,17.570439142067606,11.42275582383364,7.2820593376041405,15.964866218315342,19.240223586984563,18.241618215891084,10.131039833825055,13.450796989952758,11.161271521347235,19.242469892675448,1.248373310506691,17.760121984802716,11.805377510139751
12.774683672532667,13.20114875214742,18.236285368138113,12.33171489929737,18.864321296132296,16.25961054980303,13.91161058103132,19.456913980584332,13.62391604919049,8.759300900079277,8.988581915229297,15.248083318149424,7.94498862885944,9.674199448781783,5.312395897201987,13.785644116870944,11.94982646580579,12.787468047637294,15.280415162635975,13.440746537111464,3.202481354297195,3.202481354297195,3.202481354297195,3.202481354297195,12.633099156151749,9.612481278736416,15.613519200482726,14.567616227860661,17.988942574488657,15.727164779960129,9.328452054603382,17.518410255943984,8.75859559415822,7.529154601399692,12.816799538089162,11.704037511901248
14.991100818870455,5.482641010727582,13.551868909268366,16.53892621335324,19.214031299344896,7.78737443567683,19.94163228936488,9.809406394158142,8.557831916923387,5.252223358090081,15.979275700505683,10.197071429129801,1.9565054541836941,1.9565054541836941,1.9565054541836941,1.9565054541836941,17.56050481656628,6.652832471900493,17.144508836701206,12.287199480441656,12.491279874049184,9.02193725435102,6.823246259704121,8.037814028770892,8.6642516637846,14.217659728851233,6.09211333304212,13.283954113308376,5.781507868436623,10.381976843166278,12.160712945047058,19.447675812367695,10.398017430611896,12.56413197442176,17.724018241750613,12.768944674746695
1.0954144353128945,1.6175600358119184,14.533092121655814,8.578422853032649,9.154759333689166,14.027087462571751,6.516421786132086,12.399948242121901,14.734126338133825,10.039273645425318,10.182784513552916,19.35209997718287,10.810807037457584,14.901550594784332,15.297536825757703,15.17348313599443,10.514053520006122,14.129858598701903,13.93679682544537,11.29433619533355,15.583983198693186,17.793834901221572,9.855203437727596,13.817379765103825,12.158034097268217,9.7187267995698,15.297632287392926,9.068603933494,19.265710734916322,19.90357861290206,13.940430091513598,17.295708374641922,14.284502222230813,18.03643155222537,1.0954144353128945,1.0954144353128945
18.308567856188127,8.897703340813246,12.873488645188853,9.167694859236132,3.3233819372653306,3.3233819372653306,3.3233819372653306,3.3233819372653306,19.029318244436713,14.480735771414228,11.49717667980876,7.179344939885134,6.174524154597353,13.377450241535694,14.641532829797185,14.783644509346832,17.140980195533604,19.131353954346977,9.667674018091704,5.055786274821359,19.59046567542067,18.70247688430965,14.146788226153012,17.464065792694555,15.298257412532678,15.40995335863909,1.1808931599288224,16.70866100128722,19.63189217443546,9.080005685815664,16.603111134920795,19.878864044581444,16.37650479343973,6.265543043826835,12.306458835251249,5.746399909236828
14.980675999164255,11.389417432475218,2.7701097210868704,2.7701097210868704,2.7701097210868704,18.30994156258978,9.402857653409413,15.10762831724099,1.6374562246941826,1.6374562246941826,1.6374562246941826,8.241589160300075,11.797528054895393,14.197817888880687,9.554098949309969,9.417304969273543,15.058328388633697,9.255113040118195,10.379277411808435,19.87300668645099,13.239942380303106,5.8498470016742825,5.967389210158663,6.013241653571077,8.901515879804792,13.672773565469033,7.27462270352914,16.249676102819617,19.39605284267613,16.750251058079,6.853530252974967,10.97923153837146,17.584264999762787,6.062266460980681,18.035782846269854,17.473309261217015
15.92742652417761,5.9555006219899695,11.57384744259877,11.311924103984515,11.817418565193671,18.20005234114306,9.53690230171784,14.24401073642165,5.2473677006115835,11.693446216700522,7.683355838045757,6.748618920643587,15.460762495039372,6.833821431678109,14.33566923709379,6.873953777629483,11.663003942857102,8.21774487939779,13.017326971520053,10.592927073445807,15.121835076259945,7.413912136387355,18.362718660340374,5.003144133615234,10.185660027824628,3.770061034361086,7.729460644365328,13.484921738126355,9.074563343764474,6.549871901565719,17.509524565569684,8.975626776800322,18.460409753337952,13.727061570658227,8.47179388528226,7.996362939365991
14.06800616214431,11.328090458365098,3.968876402333442,6.38990329425447,12.559268100634503,15.846583741693019,13.816742874268792,10.207172470655106,8.013619847523215,11.154952232939415,5.4062792524754935,3.6296597302011198,17.025925531000357,6.810628039540419,13.260274408636286,5.287744141256715,11.770047379549105,19.246120603783215,18.64111571114096,7.633740390717217,12.032683555588449,11.037576994058293,8.409679540044571,11.674251184850656,7.375485272286198,5.97080783882091,7.132165574549,16.67468547837283,15.061791752659813,5.774391414128216,15.988825530244892,15.881727658886296,18.13603022252811,17.35538082607663,12.02083955811809,17.759113156367786
8.37219597696789,13.208958929268288,5.26291678869874,12.306703607787819,12.980160052343736,13.218180361493449,13.370478545785396,16.268600470943838,17.65773265704021,9.27881117272854,18.487561194391816,19.97808939940817,7.2312665940540395,6.083238897054083,9.801097198602477,5.027528301041637,19.347496918323024,5.638136652923741,3.4177858387159734,3.4177858387159734,3.4177858387159734,1.5161353844504077,1.5161353844504077,9.860607716306092,18.517022025741326,18.821188282186622,16.979291151939204,18.335316671110032,15.59157029975046,13.941582481672048,6.285317816948995,13.077910438924496,19.04392936012907,9.429842937434366,7.00649512115222,15.038538194826673
12.801052627808316,3.47461511746055,19.317677603506635,13.42431906338882,16.77934994040221,10.942846334633453,9.060938177208595,17.222800139547047,5.879657718353365,15.400384555525909,18.87194122780431,1.4137408700160883,1.4137408700160883,1.4137408700160883,1.4137408700160883,10.303660992352656,10.266211741056336,8.617005133187657,19.74928220926495,8.16259008942121,11.896553370411475,19.790455043813587,10.395999213835196,11.14727270631943,12.030557872978445,2.7688723330106937,9.361266203960973,16.306871883911132,7.614561305265484,13.708981090133765,6.151741094088127,19.23552894042402,14.566742073538096,19.648435258047908,5.241505092980146,6.27662548242877
14.61203864806421,7.123460208688705,2.149526748048109,2.149526748048109,2.149526748048109,2.149526748048109,13.214915289812012,12.43896568113441,18.034414654315547,11.014275902085343,15.731967006617879,11.886978694218966,10.320347811179502,15.841245596664063,6.306648736628881,12.917485235788996,11.810999011966683,16.080331916320738,14.567777282974925,8.348437426181327,19.604272910642713,10.99214969983068,13.431137506383683,7.635727416665748,14.719696458176157,3.539424253311018,3.539424253311018,3.539424253311018,3.539424253311018,9.577286962456496,6.9920531403836,4.875678882779573,4.875678882779573,4.875678882779573,9.565387385140122,11.263002443288181
10.651504640230177,19.407212755763425,5.97055059151003,8.462777745025868,16.106411962888718,8.433394986396983,15.403638994456998,5.383641868468773,18.17985644364344,4.018760675611073,4.018760675611073,11.190288595750086,18.265212366148255,11.76574844334583,6.382903569071027,18.918437530030047,17.366293596415446,16.04091213869877,6.769986132623965,6.631593323832456,10.839580856393216,13.284281699320875,18.581607216956186,19.476940293416714,6.905765977797515,19.091650059616956,14.721483258578996,15.886406636951875,18.842202654957013,17.434586289246017,14.992825484568385,18.890058275227876,18.452048869533908,2.2693112835742175,2.2693112835742175,16.9441878197358
16.384690610172637,18.99214628774211,19.242214288154283,16.85201921406469,17.628834366296996,7.7042983918068035,9.731592958619775,1.9738115013052502,1.9738115013052502,1.9738115013052502,1.9738115013052502,9.133799767102461,18.69587193020005,11.669972366767855,5.923026536949609,8.17541056715938,8.063702835822927,14.23748435645948,19.34167221786447,19.57724952061129,18.08801561859345,15.038491566256706,18.21395101729798,15.160220993674724,12.927974360775385,17.037256472979617,4.978230923106912,4.978230923106912,4.978230923106912,14.349941983431501,5.235122920434005,9.812725721901053,13.597566989181388,7.0698107484483454,11.068080046022295,15.56806297221115
16.254613355065054,13.531455942380099,14.59709879845467,15.163009460802426,17.848859883832542,9.940540214242173,18.532838317396507,6.264529441699251,17.89738854571576,5.855180705529378,18.989158801407644,5.991098858399627,19.29034640084213,18.090066682784958,12.77856692409183,12.70053600973538,14.334469146683203,6.13346089975633,5.267103857342092,19.56987883168143,18.532065512149646,3.074060849250299,3.074060849250299,3.074060849250299,3.074060849250299,9.51641866157274,15.876132666811692,19.819351177821943,8.79059457356544,2.6057523780996816,2.6057523780996816,2.6057523780996816,2.6057523780996816,5.288133723127816,14.461484853250468,15.71546728452376
17.120084281882768,13.111120937764401,5.308341291650653,6.890524891713689,7.504050602706929,19.52945724518677,12.071537284759218,17.55398870626745,13.881260054711536,6.558420372614185,11.942230394418543,7.964030144746399,17.17054970327491,9.959028954476825,17.306199729791782,9.395592993678891,7.171867977647891,14.011116928920382,14.096524696350516,6.060254927555219,12.988517415161944,5.218809596470346,5.992419713610702,4.783380647688097,4.783380647688097,4.783380647688097,4.783380647688097,4.965605903881878,4.965605903881878,19.167874199870994,11.902077125932115,2.4744604215027066,2.4744604215027066,7.306158310231028,17.020692187864526,7.282351362729443
12.024867600528541,15.784801770013512,9.589993848044905,11.549232395147005,18.52677442937848,15.441284762439032,5.980113082016966,18.922066798399694,10.997398326954503,13.803031998675037,5.195310042347251,18.022142436647073,5.025061934104736,15.717544032856942,15.71742420054704,13.103813954925995,10.415064831384372,4.575492395869104,4.575492395869104,4.575492395869104,4.165975287691791,4.165975287691791,4.165975287691791,19.30974780509969,11.432980621574638,12.771340284163722,17.796483119354594,10.703055199430274,5.003180362630682,16.590131184552277,9.206963679713985,17.170774575545682,18.03205361309808,10.667763637250921,10.55540383480793,5.691829288421485
4.532772545095234,4.532772545095234,4.532772545095234,4.532772545095234,9.850779155347649,6.413817092257243,18.030920701356383,10.403572124076701,13.145236675486592,19.32091162791579,10.450267875420625,9.065662571672915,8.406079708897257,6.805784157742286,18.240163591205675,5.457600397042428,18.029573183803144,18.554828142521433,8.406600752457864,11.518279010678178,6.204121773624856,6.024461143989295,5.797328398119095,18.735857992790933,19.67882154296753,19.804754256896683,8.969372525586149,3.974170655475313,3.974170655475313,3.974170655475313,2.3267204660342107,15.86324540906319,8.914329141284933,8.207772677160138,7.3338071775209,15.493418577016778
5.699701843483254,7.139926091912664,9.451427930800152,17.31852375549979,19.853464624648712,15.537978551609774,12.051392969928381,7.931510569129305,8.352301286513384,6.274554926742587,11.706144589947103,16.329223772172273,7.527399017582039,13.91212669973006,6.662169148826591,5.266348174534793,9.17855104166279,11.627558730129177,3.782518495735585,3.782518495735585,3.782518495735585,10.426279291180393,15.199695055164028,5.641573503577912,7.03006171094997,9.730995682028698,12.526202956273112,11.224287484751564,9.483066229794519,8.29131079871471,12.03163736295318,11.79999816037455,6.355560605883871,15.241618967674487,16.21025264894431,5.04927167425788
13.00457371370003,15.490299644680054,8.541115651993426,19.783928172897095,15.64168948611762,9.732689240537699,5.741482566353046,18.319521597596285,8.73802964988819,12.528163255541676,12.946820550031708,13.429334979852282,5.105496518944001,15.911075946743438,15.773277021463713,5.647874351864802,17.931892760077552,13.196205125713883,4.231215249409729,4.231215249409729,4.231215249409729,13.42247073865862,9.630826611042743,10.44708107828636,12.625760133543963,8.370088043446598,11.685179609500322,13.203311443440114,17.963475992357935,12.671050823015356,16.58750213704029,7.997556960094081,19.715603307151998,11.896622490133806,10.830660857343615,7.528424314150459
11.860788153855705,16.94148915505661,19.439037007572832,8.911612308919384,5.66350289034337,6.234297749797853,3.031967853037181,3.031967853037181,3.031967853037181,14.004612694320855,8.834768840001017,13.51142103459656,12.854135583486773,5.783733124834049,14.63321223552247,12.03244012142586,18.025976002360178,9.413520357736381,17.846193977935194,12.333331076794659,15.721201091174358,10.059562748031487,19.992163590318135,12.121618407554852,14.258639949553807,17.762280618256526,16.487224014750357,10.687141195147811,17.524490111511113,18.50381771971025,1.883492567288171,1.883492567288171,1.883492567288171,15.029968762957036,16.509250998065735,8.880988664275362
19.19479097831284,13.6157492606909,18.909064342914515,16.759372608110667,6.3588488444281115,12.966798153849073,14.89311657196115,11.712959340080191,18.751312054562415,12.903378155072549,3.0472411700595416,3.0472411700595416,3.0472411700595416,3.0472411700595416,13.540303565550197,19.713453589075577,17.377151652883814,15.109444942933253,11.833059272655241,12.987456670280109,12.749440339059259,16.660032591051035,7.354764268958668,14.36249519669649,6.4426357033738855,9.539462185197142,10.505960313613027,9.443258496292119,11.20678816027106,15.497541175497762,15.103472607321148,18.47098047209887,16.16185068403788,5.271156622346151,7.33804762974126,7.910808925434109
15.69564459275028,8.321013192699125,11.529097804129549,9.357297460575337,9.305614381195516,5.350180504234395,16.649807509315426,7.456381166489103,11.409778451753988,13.954686852149646,13.985872101136433,17.345185640227722,18.703430515226245,16.954212625601812,13.989182365647292,13.09164454213965,4.240612728151744,4.240612728151744,4.240612728151744,4.240612728151744,16.486199371552754,6.133136713921692,10.289038623369686,13.344831455321822,7.1486304976961925,15.133086236896606,18.628401652877958,6.686746194907573,19.20311248775401,7.029278004097937,12.867992370049663,14.0395209141297,17.284632855227713,13.117807517352974,16.16496451637126,17.92719267864286
18.627325806549013,14.487345915070577,19.65409837711574,15.658410837693745,12.718164385008357,11.888745501439718,15.94801075682841,13.560192651548752,7.003631481914699,9.72118964691532,5.590406390628944,17.117139819668157,13.936348601589689,15.347462689048081,7.2157052770749575,18.19288644262886,7.047368316569883,19.619862035406776,8.878809719173772,6.751483514160988,9.9240988868569,2.549719112183052,2.549719112183052,18.542730869895017,15.955954878149267,10.888037649842973,11.696411587943295,15.280275765803367,14.65483637511535,17.867732328208437,9.554363714441378,12.620879071867703,8.850015578519061,11.721232629280374,13.290134368147466,12.436751150023206
16.531478261139974,11.377046470314689,17.646072226969224,9.065732020617288,11.100986670373867,13.570299042695945,14.008866981695505,10.482157329951676,17.044834443159157,7.476392510638369,11.390947365713522,18.340271437860522,11.676028013423604,13.694118534893413,14.441838394160063,3.186001727642536,3.186001727642536,3.186001727642536,3.186001727642536,17.337415694665502,16.573148450932184,14.766778060916705,5.682832831514389,14.743797807596552,14.487810209255068,16.27972561831488,9.537084188934651,17.227214244078123,16.327296918641945,11.325648148497882,13.064991614492271,11.501660942388497,16.88243509700153,7.94186105551438,18.55843224778144,18.92370824355112
10.904159453535927,10.071966789375134,9.070927118784507,19.593784991904894,11.587620441765006,19.314474833023844,12.867582338152511,14.582125146419264,13.220998475720284,6.019986128520174,5.851975939874369,3.378182486595107,12.465755136700604,12.508417553318155,17.32843223613793,19.57625856749647,9.747429801726952,18.716083289046804,9.16204161239033,16.254014456691795,5.761840295078276,18.700603334262592,5.510284838834002,11.239196208745076,13.176201782906512,13.596651735978595,17.47426009531146,16.531368045122317,12.663317507055629,5.970869721476506,5.683927234286911,16.61351063699926,14.143080370022448,16.03074880747827,18.138730731449265,1.0423109496563718
13.114675477692263,12.801523314094386,18.815721031183884,14.430240080303712,17.528557133905853,14.404547438846313,14.780818049135627,7.515335105395267,19.606570443511416,7.631313663032359,12.750068242801436,15.59485343561542,7.624513843212178,19.82277553858512,15.738476065526495,12.55853523223533,5.586890656947115,10.326298513204055,15.488743227726962,5.69232773409483,5.74340603385466,6.40579900126611,17.85156151281964,14.670623747335892,19.815023603327234,8.33501038187501,7.992077980040252,10.594321194953398,13.280140195750368,16.17892667343082,10.72625152931111,2.8191081122488524,2.8191081122488524,18.903407080010926,17.40109300658733,5.8229414721734605
8.961928081730463,12.805545789671786,14.074376413153406,17.477093595272912,16.90117845531192,4.818591492856097,4.818591492856097,4.818591492856097,4.818591492856097,18.145571319557988,7.869736095391559,6.699706185557355,3.2781663013677367,3.2781663013677367,3.2781663013677367,9.604355750989164,12.220189186574627,9.291812470945441,12.383279461099745,13.929123020087538,14.930930387592582,14.338647018322316,16.69137559558538,18.06053539434454,16.868210494697678,6.610098144829094,10.345087156565656,15.86825984156765,14.021823361120076,14.107562972186377,10.2753337191936,19.525385380319904,18.488667610275208,18.619901464304863,6.873740673870185,18.873449289199094
14.14712794601016,5.855219831138022,18.980720837247947,13.856134766816227,6.7663933983961675,16.1838814907181,9.301019934092587,15.203213648276517,6.329802520871687,17.833690659132635,8.695178253510534,7.1141961732128225,18.53316716448781,17.942817975831588,11.527660063494,5.0552849800458235,17.509560906406854,7.198318842057466,19.89146675382192,8.458824456397906,10.613474649219551,16.121055299904313,9.078870377167764,14.329607542056712,9.631123587437607,16.516201656830518,16.209496512331054,18.491110796700458,16.061799681524562,17.00941461225355,8.932251820965584,3.4588149634092287,3.4588149634092287,3.4588149634092287,3.4588149634092287,15.533928582187194
18.916765161295004,6.9288436297876785,17.95446975264108,8.492447025185982,8.599001764818956,19.571576985127237,7.7452745280685855,19.458724371936537,8.158931607366569,17.167903899911835,4.986476236597274,4.986476236597274,4.986476236597274,4.986476236597274,13.958869244766817,15.274907648420704,16.370632931488256,18.51493118178632,16.468472242226248,16.670454350592372,14.140075736801013,19.259213633745542,5.075774343878443,19.630995102375838,15.270713234115046,8.496636760130128,18.91078665565118,16.294540325772985,19.859313902711317,17.304198833957408,14.959373068291676,18.354493999579464,11.807515171281747,14.619081240200062,15.767138747399748,16.01487028732742
6.461459671184636,8.083828855950753,7.713484634806135,13.106148458000094,9.066399385708609,8.981826661975417,19.212798839443412,1.6143309129067727,1.6143309129067727,19.72448725067104,17.46282905591205,7.873350208252346,16.35373323965625,17.0885710034041,10.237959190511544,12.854530379816799,10.06209295364726,18.501196434892254,19.13846812123806,15.823049049354077,5.047139111423182,6.84206737942263,13.795111549331924,13.385661682351635,13.809711824338985,17.35166751668381,17.777947671451834,8.512393273656505,5.336783799613133,10.274178906863677,13.20405278098594,14.736010687232996,18.084222581791483,6.315287302782411,15.335044745635756,19.765721952965826
5.549609473026618,17.796111621874648,12.59806971247193,18.888315908454228,14.942472028471112,19.413805558276543,8.424096582985506,11.203091451114298,12.7625620096262,5.069693903183413,6.492581424532179,14.979351730557429,11.126530611243663,17.581918788948677,14.237323731090509,7.388327055259368,17.266812249363127,8.625176831550352,9.085694455342054,8.371813470727268,5.130568955737783,5.183879371723121,8.427342518120547,10.404299892236184,2.3358699654891146,2.3358699654891146,2.3358699654891146,2.3358699654891146,18.909406482692887,8.869408855079172,18.980179666532095,10.280555904622751,11.380919155144042,7.919679284558507,18.374428968127322,13.046156522237627
3.0471643188579423,3.0471643188579423,8.696498857889152,15.408394441523068,10.429582662285029,16.577873695557557,9.346987657054376,8.173211044895897,13.71480237730002,9.247015597416935,11.620541623924712,18.78324464671162,19.691409943452488,19.88071921737152,19.194961320235834,16.447444000758924,7.732264542642944,18.16790175461208,16.91582537737387,4.49692738020323,19.103772993427395,8.849021566594853,6.00992558067476,11.95657277086853,12.37907229020074,11.504247960817155,10.948024663645764,6.774443154196526,7.06511646831702,15.265920841788722,4.522046129732556,4.522046129732556,5.333596300793787,5.092187106809887,3.0471643188579423,3.0471643188579423
4.088124032540192,9.72130305320856,6.332063530386336,5.3969808004502315,2.2389103844723413,7.73137429261661,11.495282003395038,15.725743027975765,16.06465913468538,13.897484566413976,5.301246246165329,2.850224131950469,8.257837260139727,8.773346148042092,18.036391772216906,13.465180498492568,11.052520452923666,9.027661441802476,10.44744848268263,7.159381192466584,9.432836947572744,8.217514055705308,6.882128893105844,13.360274966766326,19.556865117452425,6.748779920157089,19.9924987971575,14.234463796071719,6.661237443428335,9.05186088714857,9.513943947804494,18.23455736759633,8.68774094585956,18.02764978852459,13.11060966910734,4.088124032540192
16.707370986117166,6.119634783170391,10.92181040966363,11.063498114871505,7.930481355412833,18.80951961033705,7.3961196360984625,9.15492913185431,6.146407623613649,16.322260014944437,16.473828981220702,6.984688801032018,6.034600485393754,9.360666228047636,6.697627964554349,18.75807158416646,15.747610603550275,13.212807705051171,3.894386307270991,3.894386307270991,3.894386307270991,3.894386307270991,19.781847983791994,10.439853825355941,15.306441473766592,5.002864068314792,18.871536785623515,7.199070867903888,6.368139258450371,16.339695398402654,12.455910314549513,2.344542849741841,2.344542849741841,2.344542849741841,2.344542849741841,19.640977837746902
10.346789890853612,16.734125420365984,18.496621249303427,18.423150932139517,18.298814900737195,15.096173113704252,1.4000028856942754,1.4000028856942754,1.4000028856942754,17.19367889393963,16.312320038832446,10.156033425820802,6.30654359919157,13.261610449351927,19.150877090014333,14.126461051886753,10.285461452192727,9.256037622272457,13.475042789454214,8.674315020867896,7.994504034746717,4.927796644482705,18.78371783184493,5.14500229880346,6.590974858001994,12.160969290725046,4.34997602733056,12.873967384622249,8.843081419709549,18.99416868414829,15.933138451443014,6.950514313500227,9.852628238985162,11.562730259564997,8.961648462235177,13.896914733271924
7.521678662205096,19.817711099456925,13.475450351050151,9.084780293446132,9.169257899899492,14.968927559215778,6.522190281178281,8.686196441691386,13.460675641029844,13.630207557077334,13.789140415639295,17.688212041745945,12.738731231701282,10.566147559911402,7.870541003152014,18.24586042924799,14.765284440460992,1.4693634046483446,1.4693634046483446,1.4693634046483446,10.412174120938747,9.60739605936331,9.733750731899022,9.451502194869136,15.547590292994501,10.204077226250888,7.313984740209577,2.940607185168912,2.940607185168912,2.940607185168912,2.940607185168912,7.4670566857584655,14.706521186675245,15.31605073504258,9.768468939261131,14.264746550753209
7.176563800038817,16.286231746181063,1.2480614881754053,1.2480614881754053,1.2480614881754053,1.2480614881754053,18.73255571600767,12.016022761451858,10.552063030926973,6.6030171912546365,2.0722037227777634,2.0722037227777634,2.0722037227777634,8.328279304302418,7.019002320789137,18.61570342234788,18.283285695598625,13.69652223402738,17.51624291248607,7.510560275839041,2.2597272735398017,2.2597272735398017,16.837860016567124,8.319273548785938,10.314673802150645,9.916600815317151,5.550970219504348,10.23402388201827,7.127513917700431,13.484414734699655,15.458350072028553,19.95620859150499,19.820476672583474,10.39475823280572,5.683454350608085,18.828026397447374
17.897716873508546,13.462320828260221,6.190325847207555,11.457071558430247,9.442749496558156,16.55875957484831,14.097050972788141,18.88632935417486,19.96311891413412,18.85448165087532,18.300243656815177,8.97129694114416,2.6523889720856837,2.6523889720856837,6.647463133946622,14.753415411306461,7.253490779906839,12.646489056914266,2.8265245130398635,2.8265245130398635,2.8265245130398635,18.374424393214454,10.83154767351102,15.852682017325167,11.270708383894661,12.493505514446388,18.17020892267855,9.593231807067339,10.958757800732524,9.25415253599919,17.00738548457632,17.8551604153615,13.916834461509135,12.252337586680635,7.791173031835086,12.333973598170148
9.102366872211016,6.721444594442473,17.970744869942603,19.567931090522006,17.80475267650659,14.411453159985495,14.264543145142296,18.178861255703502,17.471947712059215,12.216179311627217,18.064896645386547,9.300507987623497,7.822743928558218,8.01975513287624,5.326413102888233,18.55746312853762,15.50413150913958,5.4908085079035,4.796309071250985,11.772734403414539,11.134298627844327,13.768745305044884,11.346043443423483,12.494231080789149,7.7010794200108705,16.391428045036978,11.161427677311828,3.423887185334292,3.423887185334292,18.916621259234777,11.241477268854927,18.259355501155987,14.315557444937644,5.506735060313247,13.021164140740566,15.035620781316453
19.501783400355343,11.91338358346284,8.917771330573668,17.78391488948771,7.954739334817562,6.49289014751249,8.089447983376195,15.569576631958732,13.398753223975657,6.465505818373247,10.731720673079067,19.56239252199425,1.9194143632358829,1.9194143632358829,1.9194143632358829,1.9194143632358829,13.15901842738898,4.706367376237615,4.706367376237615,4.706367376237615,4.706367376237615,8.618603638611148,14.226706061775499,11.65175301130346,14.162495147842533,12.261613780659882,11.722981285176736,12.330024923459906,13.231599413454315,13.75383673988321,8.433052517914255,12.644567920950617,17.017984330365156,14.594905860106234,8.23075971534171,17.237954031349254
10.726221553409927,19.45699661175442,15.027104926808876,7.139629460114026,14.248185775070919,12.855927930812486,5.916436179571359,7.059361010634639,15.334455278446752,15.731626760816393,1.1943247314601897,5.834787733749835,15.156394283178987,12.242847402876816,13.73134536912809,18.019125252122084,15.668596167721423,9.003901764901064,13.579660354441332,6.598187048329882,5.302402715653115,9.460699767732242,17.18032964481026,7.14295175989938,11.334450840591883,1.7298616664578867,1.7298616664578867,16.400278323863414,12.855777279569182,12.91279896171021,4.887461190604076,4.887461190604076,4.887461190604076,6.187874517939772,17.273590821475572,14.388195184073657
14.973729893930912,3.0150625687690265,3.0150625687690265,3.0150625687690265,5.283262779631067,8.152245227181833,17.346164838932037,15.294340201543218,18.11682466558269,10.140583156965766,13.992975499330377,7.416417353335237,16.680584403149897,19.55911293413791,2.1001454234753645,2.1001454234753645,2.1001454234753645,2.1001454234753645,19.529756923829378,15.048467435495507,5.979068265794028,13.015387265123694,16.145188673172772,5.155686075742159,15.066690978981354,12.40132093769991,14.595747680253814,9.835454007392597,9.833564846449034,16.732423668568437,14.254906922890374,19.999993827172304,10.286252467133371,19.876206137696187,8.804015805966642,14.58013384698603
2.0433664032332337,5.8231795718021155,6.409858609001963,19.419222672334648,9.57926414591209,6.386504174803382,14.971856432975198,9.41760139997915,12.573315898110664,10.741243031647432,17.073906868553237,12.383641826069214,5.016652917251333,11.333908736063748,3.524007031409175,3.524007031409175,3.524007031409175,3.524007031409175,16.245639986743893,8.439024394071323,9.298526345520278,4.913958351492029,4.913958351492029,4.913958351492029,4.913958351492029,18.442211802908403,8.682448656334858,6.78252193540643,17.630136700982636,19.569629086454313,14.901690186054985,13.681353616287266,7.221317192559212,2.0433664032332337,2.0433664032332337,2.0433664032332337
8.567104967171197,13.237197518720658,19.20190722898635,17.510509783764885,11.521088262774967,14.699814430007072,10.250345977070069,13.982406282729725,11.949560953760221,14.874503732063516,5.448236887319384,7.855628027406328,7.156410306795314,11.336879053787168,15.881157402881419,8.47207582799692,11.753206840534645,14.435367933909745,19.82669690286789,13.297564994352516,14.518871807421855,11.853714859952465,10.029196742962615,17.188681733659568,16.65986013100036,12.806654915383465,5.063703850673409,3.8632307129718635,3.8632307129718635,3.8632307129718635,3.8632307129718635,13.07855409072949,8.887604757852628,6.494180334686069,5.494842866198578,17.62701347149499
2.079062411963887,13.083623896327333,15.911479944012802,13.291016439046599,8.158718520235857,4.225238248582647,4.225238248582647,4.225238248582647,4.225238248582647,18.49621364937409,11.836982471352435,10.124174313039266,3.9865749822500995,7.3272257083686725,5.948530015466108,11.77844658716374,18.71066879863416,16.618348048716925,8.168289188977337,7.338233802327549,11.001681983798232,5.494811556844362,11.167790142642684,15.175433865456258,19.799564035789295,10.985328150470584,9.483434970611015,15.391786843176668,12.68951990462372,8.557408591136234,13.52090293455273,18.8943919139376,18.700768081597978,13.781992512211405,19.054708774309937,2.079062411963887
3.670400927895108,6.003051028625109,17.29140446417101,19.9536357140968,11.759888043181538,5.18303854973835,14.519244408970021,6.245179072891364,11.524170000569,16.14207449198001,9.026590095388764,18.313984144265643,8.381171389603248,7.333102450213502,14.533402754896867,8.736450319312985,14.328113857643604,15.29933118500735,5.242743292564873,15.917675445105315,8.635821254173885,6.013481100376797,9.29709265340788,15.937578474612536,11.024568466065004,11.16885985507238,19.780864033221423,18.750107358768112,10.75981966571502,15.865096021684439,19.69708187665851,16.504649474830057,6.116560193425499,16.70441944241768,3.670400927895108,3.670400927895108
7.620113457820758,13.56516390932182,15.546717168285685,17.514298895500563,10.639433299430705,6.7640628912989245,7.618257417129247,9.357634021577718,8.490504755589853,11.857595721461678,16.48367775836188,7.6543871616694235,11.737210874461384,5.745802971390152,3.46849282452965,3.46849282452965,12.443462908929176,14.816974493478948,8.53382579213846,17.619663411091263,17.68606203604283,5.093225069324462,19.523504321539008,9.533253533875746,10.355943025622533,14.58548506084782,12.131229594898231,11.178301237278209,8.947951068153019,10.928249625905595,18.575727389705072,6.056550359130491,6.295872349588553,17.232936832826663,12.187823484586628,18.35788184179925
8.099480700446595,14.660493865087906,18.96259760510717,15.679725785430318,18.87907942316458,18.364040261504755,8.978851142579652,18.31100535620741,17.58376794761337,3.3213704019002845,3.3213704019002845,3.3213704019002845,15.441123487219203,13.97333195915186,19.993425564346488,18.718120522179284,6.770469484424614,12.08158817154106,17.371517104828413,7.737131396282266,10.522626944861122,14.165797613117538,15.774995121507478,14.819540734336112,8.472656492563754,16.920509659249944,14.990812814737435,8.138439050687868,13.58561070682331,16.16723327079466,14.843377995438924,10.678721588292866,18.067992138100028,7.156887753890189,13.405134522440783,8.143256330002389
6.468111046474751,12.843676348163097,11.104256290543734,15.847897903906603,5.025597258638771,7.832210885787542,17.65813713791571,17.31518928425989,14.061446856093841,16.42051297176117,3.7621996887238534,3.7621996887238534,14.613450608198555,9.858179353287806,12.158961248247232,8.09629737944065,15.254488912833146,15.903531894779784,11.875990961682495,14.006091148734635,19.34052984575483,9.157293027471729,17.303251080909217,16.308394850301,10.999520890961277,16.20237396791124,7.509660960428539,17.102428616257754,3.003420013136537,3.003420013136537,3.003420013136537,3.003420013136537,15.359093906900792,10.147829428948219,2.1301047873870145,2.1301047873870145
12.54152765191719,15.702335536643607,5.856515841390202,11.981893293454572,18.94481546479709,6.1263096570981554,5.415396169695678,5.65625518122792,16.347982585770524,7.1829372693702735,10.063739053192165,19.55891899336324,8.933465198635425,7.490372647984589,4.31846581005332,4.31846581005332,4.31846581005332,4.31846581005332,15.882984560865271,14.889084436321458,15.602562442089118,9.297586401257883,6.995609349737288,18.222953352422646,19.291856302844117,19.106521831498252,18.82015910309975,1.721708346051976,17.44534074303409,10.24836467213144,5.376934182123328,8.464061875530575,17.86734870951922,11.485619771829068,4.735904278855076,13.857999330523386
8.354426386873575,1.5678807321788013,19.62082213286139,17.330722883282295,9.71045121203247,19.440969846355713,17.146592316156717,14.578006061293346,15.295378749516802,8.486512567581462,13.418528916055969,10.576058035007547,4.339201920331816,11.646853293115294,8.333324375151511,7.050635722921677,5.201419890913212,12.157492783405129,10.149421843475812,6.55268247846943,17.140674491138416,10.290299177871464,18.92274560627117,15.510700677386595,6.01600467394969,17.328633390957904,16.71774878300844,19.26584004590865,15.098009686183518,12.20012055909348,6.568734574164002,18.03790974422646,10.208528218195836,5.7002298716101265,19.392472211357013,6.192798451516051
16.858666447580312,5.784447268160222,18.87968629401582,9.335324010366957,5.005237656825477,18.8170606511555,17.51862581842937,11.274108241416142,9.276480869779409,6.688218391324384,19.703218786348646,12.349873423351328,12.889033370276886,15.29048250618893,13.886828611324127,11.181823421054439,5.47834873976257,8.812550599031141,17.528803293735645,2.767752279861221,9.956754226680905,15.645342557155296,16.051656887052697,10.49096762150532,15.998334820548449,7.047782009777461,14.240526648957205,12.23105417516763,3.85401366140642,3.85401366140642,18.132484532047172,17.18209865359441,18.891103218937538,15.680272856286733,12.673928308889103,1.8100056144376704
7.942606430778519,9.413728895712111,5.8688723318549965,18.006461427302735,3.914313140786201,3.914313140786201,13.01140429278719,16.326979712006324,8.939056486328171,14.04401680974204,14.635946043527804,6.341282312297699,12.6312320375853,10.631031392803633,17.257197654774785,6.682617926710556,12.863670201189995,5.004047683913319,18.173266705448327,5.398801134625138,6.69537165989413,6.8415120848166096,5.3660876613238875,15.768419209137111,14.43822782314384,12.654169066492315,11.24320129241517,5.320724985958062,19.5697526643584,6.983596305673656,14.419843932455112,18.768682610268772,6.035824062725611,15.115667128345825,12.846057727083362,19.73337248416683
14.90069225871745,14.85095674912689,10.391071874870066,15.600014061081364,16.504962114428118,12.71946919594163,5.625962029333157,15.474548685634254,5.657384024433302,18.176908864760303,10.438314137723522,6.290182004533477,5.015857573676865,11.387835928814416,7.2597518743407505,10.394411202105509,18.640850886595445,4.619048662041557,4.619048662041557,4.619048662041557,4.619048662041557,12.520824936809479,19.611530431424253,15.542303840917057,12.779706904606085,13.351308135922075,10.783682854587434,16.26576829512046,10.506611825372328,15.63169716469682,13.706832668270259,15.534217136309897,11.563531336434986,6.572021846122003,9.262474291536323,13.064872897029796
6.206850221069805,13.251991001228244,9.431930958304296,11.658889209934976,18.69777745174399,7.96557158847202,11.886269409012527,3.951972864998824,14.670568083453764,5.894171787661373,6.0087745492954365,16.314351131382466,6.509622936271603,15.30764354286954,18.010305058770047,6.565715646459388,13.692807888331815,6.536940937396334,8.93392494520203,9.016296379456227,11.04014025178442,16.02669750726753,14.121772840238329,19.568975143129236,12.361677935807432,13.139960602753233,15.501584333270241,1.709302555175804,1.709302555175804,1.709302555175804,19.25035948791407,13.841938896254595,11.759941093044207,18.523691445526918,8.840602094088577,14.531291559298305
17.82980034301928,18.55537449880326,16.286871150843794,15.322348597676237,15.92517170962142,12.778880278516183,9.371134488816333,5.932316876803467,11.940286361646125,5.995603100088755,14.01410701631649,6.282954632215683,2.5009289529009795,2.5009289529009795,2.5009289529009795,17.854016417895906,17.743622686560748,14.673484911799832,9.5941083956941,16.40533821102094,10.139799014407288,17.09069000580986,14.198466079176079,1.7676140194028593,19.566246024137495,7.116018829608241,4.126233631567788,14.893780460965996,5.230658766712425,16.073092008672347,8.791171287063019,12.69702935764557,18.471355373100945,5.369637680855796,6.52534328811465,12.862184575136355
17.632490209495867,8.903706082022593,10.59063256022258,16.267555996780853,9.394446177857699,15.237736828535686,15.173114183555416,3.6544228505640457,3.6544228505640457,8.368766385148678,12.913014747164592,14.518846229350608,18.264014748024675,16.3166360790335,9.566557224616165,18.34088968518314,14.829659333333526,14.85396064772285,17.457395220961203,11.450942275960347,18.64835350684799,6.595142940581406,16.06373837810058,6.34250787530611,13.131067436156574,11.036345210487761,17.438872541263112,15.885245147559143,16.749921847650935,16.113691430304073,10.517418687520044,11.080892539564925,8.892388040579563,17.303444439362362,19.52026250766627,19.71752357716257
9.951270959237064,8.061066690806928,14.37882393063904,6.157440350231872,4.908979136521616,4.908979136521616,12.271559931990518,6.865130025911216,2.6282757632672102,11.734557614444638,16.311454711725236,16.844312576454406,16.598162202360328,16.617482600927147,9.920582552187854,16.67327335524276,15.514573907780411,18.737114105298993,7.688016510779294,12.822737136218914,8.849027932147292,8.129110611045437,10.94160940835845,11.583816219923614,15.15457224844593,16.955837023851032,11.962650717087351,17.325673076731654,15.737385126623547,11.455985585763015,9.164470448261982,5.718023673424039,6.39734685590171,17.654953458286933,14.286252563292727,8.581572564227164
7.497542721844608,11.888345947256152,16.452541593596518,11.919954927764543,6.41785391769864,9.524415712883183,19.162944428690537,15.387758226514023,14.387988864520283,10.09018937558023,15.373429691765509,13.579383711417018,18.19677737508707,6.926466541019104,7.469574217414149,5.748395399848642,19.317954340170132,8.913947773832932,12.923818797585389,19.27219585861084,18.711910427949206,18.85520455277835,5.108127907227166,5.9950140571415975,7.867860235635157,3.3410800840481443,3.3410800840481443,3.3410800840481443,3.3410800840481443,16.657930455619855,9.547811301290077,7.120882701784478,14.109481774157665,15.125320700248253,8.329718118069703,10.795908342922754
11.56305563849276,17.301650669228817,15.388586416443788,19.22362865259908,18.149469184065516,4.147346637395347,4.147346637395347,19.176841951966132,14.136967671977285,12.414997530840902,14.779398951238027,10.059473142722597,6.113592882590491,18.206740263001457,14.293591928590336,7.12322078662086,13.170830020231397,18.119355727836872,6.761463819482807,6.928068635648234,19.273101312628746,9.329575402285968,7.150368072242073,12.874070154533413,10.398652976279232,4.345797515758154,4.345797515758154,5.472818422132445,5.9661566370482175,9.930025154435066,8.876595977508403,11.341378993295342,12.392893144904985,17.319705921043806,8.98733301043828,17.390873341678805
9.564735191572177,19.607927220302514,6.8257586013457665,7.775186368252984,18.85411224339491,12.607818615407638,5.112018037903347,19.615989881351368,11.244600048916272,10.04264914261888,15.081446498234012,15.861353475549768,12.600479341173557,6.256234340601735,5.555223871107704,9.408918051658441,2.9841329884339673,2.87522338492478,2.9841329884339673,16.765594567556178,19.187497256589886,5.852743736536328,6.577712047486486,16.308118171486377,17.26852226220933,17.36339403501823,16.434831994273587,8.824818351394882,10.20109749827984,3.550392078522945,8.077001981302542,14.458078200168028,16.30486199606299,15.85757835762244,11.780949127352331,19.757792794405404
12.694451644509652,19.94540856450728,19.251605737759984,6.548304868313203,4.890942389324089,4.890942389324089,4.890942389324089,8.816536811552854,10.142179706910806,10.432053654220287,7.202882343973075,14.381024127072026,14.255713559621869,6.406565744284273,6.605881854782599,10.947990955139165,16.168318577605532,15.95035990723061,10.640326757341937,1.4253496529997838,1.2691601534486172,1.2691601534486172,1.2691601534486172,1.2691601534486172,10.619973088542045,12.254124563686704,15.183090286494904,16.189874725702794,6.720980835614677,15.053851359597356,8.917334788359655,15.021413978401847,10.223350967437593,12.85754139746224,15.87514460350281,9.89343388123366
12.185461869763898,14.442475486450023,14.489904526372055,17.23005662408338,7.535839858414431,14.002718970207534,12.481133549987453,6.657506602908226,18.555556798055555,9.335493185674535,14.305942998496045,10.22102474825408,6.293258001027956,12.235409735072661,2.388160923691755,2.388160923691755,2.388160923691755,15.676428945304453,13.907815705473176,1.985254333119967,1.985254333119967,1.985254333119967,1.985254333119967,4.919302545056523,7.402646477141303,18.16044427138277,7.087266674658007,15.24082163494018,5.197319512697232,19.62858113234398,7.098875798880681,16.745633603880883,13.358842896052225,8.144183691003317,5.101976003524489,11.000556227580889
9.901383809962457,10.478176122595173,8.862533401177666,19.739346032507584,11.261914082385319,14.221761657321686,8.45853682074013,15.637148677755583,15.645337501666837,17.2515904668712,14.774771639526985,17.312506237586565,19.07246929005564,15.009285857020831,14.977550787250529,19.966671930632,10.676877359817837,17.978421869513614,14.578672903236832,18.62198840604296,18.044285953120692,19.054399773139416,11.002207294204807,7.363696972772954,6.997317914609843,9.162729288964035,10.446940452245487,6.605005204293596,17.357306708924142,7.4647232935390875,10.192951233362985,19.421950559966437,17.68636322878122,3.2929269717375518,3.2929269717375518,18.410715851074325
17.669001013881793,8.253797750350492,15.373233648842039,12.91183105560997,7.983213780913769,2.1311066682442843,2.1311066682442843,2.1311066682442843,9.803697273220997,14.151061964741283,8.182407639555016,8.120774078552257,10.875689175629454,17.672675112099515,14.38980286964671,2.1130403053071616,2.1130403053071616,2.1130403053071616,8.171680570525684,11.361497720758823,9.480913700234067,10.55836433735033,10.601376304968486,19.029930341019337,17.190351996815384,7.485122864985025,16.263114713175476,9.904384226950585,12.317929967374035,8.345715831958817,16.207368269226034,15.383174980151496,6.507013711975559,11.173113446109074,7.742822681894016,9.019218332299904
17.833702989593462,19.852309005817908,5.6786844230760725,10.21021801322479,13.004346911199058,8.150471284817746,8.255685302338232,10.838802231751297,13.355010867444806,17.774081914340925,6.95532060435546,14.683033959962401,5.1070744644500445,11.380931747672234,3.3927950291379827,3.3927950291379827,5.939872541253156,11.222154073964967,8.253152305574412,14.539793700811874,17.772201143787655,19.874606566667836,8.775898688031402,7.8844695083490475,19.878521182140673,12.212235469073496,12.461683623840202,10.279372353522703,6.67377821197497,18.083595913386333,17.857760712578504,16.638427269791613,19.648707640975882,14.752979656434873,19.598770890146238,18.107128965189624
3.4905481185006595,7.728898042813441,9.7665553969641,6.39126357375411,18.66901951266669,7.65442090317165,14.28616010917208,7.603081140814181,17.195738021034888,17.21561542438082,5.097691520209063,10.825331505510874,11.414415927438705,11.027459298285144,15.129927723151397,14.392074004874233,15.008196828900742,12.739561455687799,16.608580688715417,9.369668248138673,16.697724620055485,13.791313603433762,12.303277595643017,15.25551148541774,5.198894450742191,17.19341562127083,18.42505371857807,8.487341162340176,5.8184478684549505,10.855841063346132,9.04370997629326,19.729202284621895,10.253312897191122,7.660746947375362,11.329386925276468,3.4905481185006595
14.077010429048585,19.23042083605075,13.921362205356209,7.62045587429422,10.479819945130966,11.887935019083391,8.881164128804858,16.628627397559914,15.415437933469901,10.597380559854596,1.3989179392609654,1.3989179392609654,14.22082836456183,8.02269280458021,10.719890420025745,13.871216409717144,16.743968155676374,12.166562845012725,16.513837023600416,8.91380808680814,10.297724724290449,18.230030011719787,7.004253554370166,12.80823805510472,6.934888534396848,18.22787663643986,12.902096897323633,7.510377303868291,6.634921929438972,17.407464006656262,15.716143801229943,7.341293667341972,6.232982550878145,18.131262163807094,8.91294922151709,12.392465853519608
5.943880260558104,15.563122300976916,16.058612533877582,16.111218209861192,7.434444725040697,16.990943141631085,10.320318992608613,12.996495160497894,16.346921102189764,9.922239605383666,18.919902697441177,12.955601024616607,10.68190351968106,13.56538751919499,18.33587407069187,7.9337744268398325,5.934619195036347,9.530138503906716,18.38438308381461,5.265485285475424,11.895422900644194,16.36222277615017,14.316220582359906,9.153727715127172,7.156154391471538,2.3782870309377904,19.509096929524713,18.04758661490873,10.680256016845751,14.823696399579774,10.286110328845242,17.467406946083706,8.1460981411786,15.303166151194622,6.706752482264684,15.330264615068268
5.8867807869825235,14.205906874771474,15.239549480397594,17.7573403936131,7.135249909228706,17.23685394522435,15.886928953139135,14.314226208162202,19.5452379065136,6.253159417523259,17.285762084637643,9.38535698622266,16.781128045577475,3.236562140799234,3.236562140799234,12.633472049207054,4.991408772630632,4.991408772630632,4.991408772630632,15.598611818260398,14.817863762321261,10.133995162359426,14.980282047016042,9.147923030417138,6.765582349158555,15.037025943851345,17.27077911664608,17.46957159620451,9.59230179435968,15.166826565388126,9.14537147914318,19.14264074259983,8.717787719844655,7.574080674445122,12.968926887529147,15.480611543599412
6.805656159072326,19.17762973664061,16.61018099249976,12.271956425164054,9.137938485274155,15.855954982246722,17.683788723451958,15.506973786406455,16.61010744846888,8.550269954829337,6.252927920757214,6.871260934618471,16.124681047179898,11.49788460622073,10.340541577284599,19.602194092520687,8.67502045390481,18.626239154164548,5.544400216509185,5.780840762108453,17.19588098388553,16.120754576447407,15.345703045316055,6.831427380858936,10.515332116234104,11.014235895625228,19.27197934794266,8.704881882850268,3.3851175200763253,14.832692325090072,17.96602826474444,8.11677395360346,7.562386031356098,7.295010568214539,10.576923897545248,6.386419282102665
10.954993997918997,18.550048352271432,12.268952333296896,5.627771594565612,7.685950211160729,12.260875972664701,12.316767450461723,18.730729357143634,5.938697954300562,18.11504939830955,6.219305672699021,15.035095356182197,18.76290525039374,13.806320959951629,1.0006662949466198,1.0006662949466198,7.502433326488996,8.272990218949275,2.455404870410333,5.510703044390295,5.408449423784579,8.192191015744514,11.994086249936219,11.537933641378572,5.7603693161961615,10.580193823003436,19.65863103980612,15.981675698252847,10.231285752775044,12.46081293939063,4.229793854779613,15.423934074546072,19.60067753537544,9.3360691185631,15.27658850244032,17.000672342057815
13.72762512177273,6.685910156840439,4.627482327751775,4.627482327751775,4.627482327751775,4.627482327751775,14.979607443010028,5.52578038559634,18.021402934249522,10.854206690395518,16.587481529525583,13.419877885393017,10.064044845663178,5.080706342836553,7.104894629930383,17.770610962194116,5.5922344241810285,18.55750451937311,11.533874374392974,12.248210857098295,12.059112490531357,6.101312634583988,16.99508688633936,10.014856139344204,16.058222957756136,18.136161563266565,4.515644782014446,11.541854267081339,10.1211074529445,10.420326635245539,1.4563720975142296,1.4563720975142296,15.750798483702187,8.660965789964257,14.11105061376562,12.7129797030692
19.118215050350276,7.606616968657687,12.456289932306191,11.183052792011756,9.893618424351713,15.261596062459821,12.135284031093276,10.819411612997646,13.55242744124808,18.248179008822547,17.188343090181785,18.836339970824632,12.173934828598492,15.450392326144264,7.82946554074601,16.247687622673325,11.046190287936668,5.0386143895004425,16.551707363093985,19.193710789786238,10.506782632557867,6.422015072143878,6.15175203586616,7.0249963472156205,19.736360063349334,9.741272814879661,11.16457247538884,7.504974220582153,2.7896956973392983,2.7896956973392983,5.210846424882246,11.654058820500232,12.965258603552535,14.525104706872073,18.692325805960053,14.77563420680602
10.926665467592656,18.660806134704035,19.451591298075314,3.2351419855861665,3.2351419855861665,3.2351419855861665,3.2351419855861665,6.847327108945572,12.990716311171708,14.055380239119119,19.17245426093787,6.845135051685015,11.551397276559436,14.192281519707336,10.297532988173693,6.782253723281516,8.291610024865136,15.098242138838637,6.876797346220995,18.591464944286237,17.99698319260851,7.386642948983634,13.926367998840357,15.289231097114763,12.589339255589138,6.5761952699980055,18.57848704925747,17.718816920668974,10.349655361650163,15.722775469618835,10.398665425524426,10.35159471705076,16.028919326997507,8.083954914165265,16.103128352685985,18.30748420098867
13.591354407674348,19.570982794851176,8.317302998154062,17.505258548325813,1.4063888224579624,15.368460505922874,9.106809988177353,18.385719599825215,19.33637340272722,11.601242167228982,16.898575867752054,6.360811661968386,16.64461644369017,13.791545522374873,18.087636287195224,3.740963143285018,3.740963143285018,3.740963143285018,3.740963143285018,12.158582756907176,6.7717511844965275,17.857411416983016,19.558655649860103,19.224128073232695,12.408623450252305,12.702908487463556,17.118198987104233,8.373620423274312,16.569093043579628,12.074572246756098,10.368134207206687,18.572461361988797,14.622215204426046,18.932478925337936,16.053895015646653,10.480342110701732
15.082125134366859,4.711752926951341,7.243753125095812,18.780359115168597,11.705787831644956,14.966308666404942,17.51143723826488,8.845179762134624,18.393406722619613,9.361359903739936,14.700118310630156,14.806695410953605,5.818594272385455,8.239238245657642,17.78320496218449,19.39194632405636,14.353148701153724,14.997855536347064,7.448384388947604,9.772454196411454,10.859424813230397,17.12882743808551,12.646023142867518,11.661484821070067,18.083603148649104,10.83377012875387,8.106481913423165,9.254481290091524,16.09642563321679,6.3391152282514796,8.744119373134943,13.940610965839928,12.668854699169273,7.826050379011503,11.57908826926653,16.069336015733125
17.47820341338227,5.696273085223576,5.885782238849904,11.71219686077561,19.466736195383774,6.6755376742493056,10.052575498544982,8.074736900468467,8.00606802196581,7.349497253604699,12.430461002437841,6.316479346801945,6.940011795420402,9.307255450247814,16.99991194157875,14.241691026781623,15.1400186925578,18.908617137271,3.7880168072269753,3.7880168072269753,3.7880168072269753,6.4130432938085455,7.982594370804246,16.829515285617887,9.092472916800494,16.17856496010102,9.952916531299229,11.896473512059856,17.938268871694177,5.910200476719323,18.00844437813246,7.659125471120865,11.552151040737586,18.841811388383743,19.131703697941585,19.38716057404674
18.892761235710108,15.968406650336451,11.48140851939888,7.111139504613184,15.33057367010086,13.859910996020465,10.81036402575223,8.787099823143445,5.922426138580121,12.940694181397246,15.710671514738282,12.025256091309537,7.2834043953474135,17.78193774496738,15.508990379863427,7.241376665996018,4.957694349841891,4.957694349841891,6.494945867307898,7.534524905131281,5.043400491045624,6.970712886903821,8.219996892172233,16.9530608060423,16.721907938234356,9.647451215336746,19.270241267465785,6.161222553865956,5.371643868328983,10.892577426917361,11.00352920413646,14.016048204703782,13.616256096243442,13.915122133261955,11.205962097331614,19.16764961590956
15.684564254575557,1.505682191846577,1.505682191846577,12.555407887811512,12.77272519747376,9.061764383066787,15.655082489537442,16.62441345094023,12.802979485328706,8.46186562994598,10.962028420691306,12.980350434597584,1.2809857589167488,1.2809857589167488,1.2809857589167488,1.2809857589167488,15.485702209413526,19.583543514855375,13.617843912931882,11.912811665045348,9.770800354528124,9.70822139481125,12.704158712257268,13.8458784302717,8.629281520537894,10.396714879601037,5.0726053131153686,15.018539325142775,6.012309859002828,7.796617557936037,17.79810602241263,6.264112697792121,19.36449510252165,10.3940447978507,18.21127583441779,9.43646167198703
17.959749902014828,13.114207467048663,5.080764663552436,7.419050975531719,18.34874474981069,6.26329251270995,17.44251826008363,17.700508937991632,7.727383007177045,15.698769028578935,19.397864584174194,1.9795411575084896,1.9795411575084896,1.9795411575084896,5.466116914834334,18.568582258377,10.761068109774385,5.365658235106945,10.042085629679748,9.183304401159216,7.370543502401977,11.82729015042986,12.264990607912457,10.121852158768247,1.817308648983182,15.261767456236893,15.536023666100103,19.373269129257064,5.917928274337672,13.517539142339478,4.607890502915849,4.607890502915849,4.607890502915849,4.607890502915849,7.11158564884726,16.30571360202202
14.376564406349033,5.727329328066061,14.841067876473403,7.895153400043014,10.767782801615766,14.953153908671236,5.790766865361976,7.63223994612731,4.5416179585899155,4.5416179585899155,5.282465996284031,5.702587989280835,15.03603028025093,11.002454846907439,18.128161370168453,15.277402474015284,14.119433409903301,11.95165797805694,8.924107455205174,16.9477008143715,11.06266316461977,6.468780056878756,6.639251814669537,8.990048974784111,16.35461035695883,18.07611301800162,10.376955900832728,6.16719352263525,6.709438175457797,18.566914569765345,7.019046313558759,12.227480004698084,5.193884883175327,15.430833543742706,5.55488051817535,15.181754077360663
16.695613805806687,16.65658485132859,15.009152175239164,8.910216456273169,18.900928996930425,16.77397781558453,14.65100200868584,17.60739608630048,9.615399656146767,12.371272247788381,10.843911368472876,8.133797571622782,5.5553046268059605,10.431492584105596,18.71063012672989,7.702077101326502,19.033119196013413,17.606013568530138,17.815919623509185,9.242478523518109,11.580707482066371,9.199568960867666,8.31945921488605,8.406901919307444,5.59685459247768,19.588446121234398,9.127666038073551,4.8886040991141755,4.8886040991141755,5.26540790243234,18.97296414098751,13.190785128641222,12.092914302454817,2.9181789562183225,2.9181789562183225,11.01522219683073
15.979722566579664,15.750842345840745,6.962006851383974,11.312415854544739,12.97659870432378,18.976199682548945,19.15678500546054,2.234607464649008,2.234607464649008,2.234607464649008,11.923279466864047,13.141777603213331,15.117920318042684,3.507600668208161,3.507600668208161,3.507600668208161,3.507600668208161,14.499234542215554,12.858219365687516,18.581584840663282,18.570704879639365,6.345941131065461,8.636550630383079,15.948810927170173,6.791126593211979,13.027520010731525,10.269915407683825,2.641698586171519,2.641698586171519,2.641698586171519,10.141263075573729,16.70556336944443,12.723078509405678,7.673257973011396,7.838239138951898,12.358101896467378
8.489373845556482,9.774387194247455,16.413393880295285,17.868122788633812,19.406629380891065,15.944061939621157,19.973334036307744,10.131164717178246,12.47302691492525,19.63866696114079,5.76817217994566,19.65875254236262,18.137630279109526,11.683720126263937,19.880322585947656,13.176943937355302,9.553232024998078,5.678145820000746,12.472237431333475,17.88865143729972,7.885975776372898,18.104621969917332,1.4570995040577759,1.4570995040577759,19.50711555158264,17.472394155557527,13.242669819100955,8.022250590505331,8.523756049458793,5.558558875449096,9.43757475730877,15.538576891463398,8.14571126589332,14.499312731974214,8.20908286500811,8.366840376325463
11.841128611549273,9.520812215475766,17.139082029952064,14.453726290918695,7.498422448780023,8.988610012147834,16.20395236429859,12.551559739462526,7.744928482085335,14.069605106269925,16.860862831727175,11.09181235937656,10.440628353723051,17.27980009673134,5.336123056612802,11.196041044653972,14.850722089737417,7.503876801340037,9.85501848669721,8.264443133321343,12.400702653672374,12.077538959473477,18.393260687533424,14.857512277909532,16.08274546267826,8.302461286765286,3.550594765762026,10.511183762192674,9.694421680143444,13.928210590375635,16.42318641103585,18.358193182682772,16.444176693978218,6.188318536746909,15.439315933032267,10.411231032106546
4.6969126222404824,9.930485781509065,4.58826171175474,4.58826171175474,4.58826171175474,16.420097338679042,17.633467548965537,5.94378900697858,5.523958133402462,10.75648801974465,18.156432825207194,11.78657820146739,7.655129053278268,19.5261728071643,15.7985400757729,9.128794483180384,14.444740918959285,17.739754673413987,16.248559865510714,19.624206210670362,9.315664668686676,14.953937705446739,11.79407210493022,14.495578033263106,9.608938680600435,13.855089491423893,18.648867320136507,14.087065256700813,6.934123976693407,9.513064401453333,14.29781774895099,18.67949869273117,19.118335157157162,8.795618640163726,4.6969126222404824,4.6969126222404824
13.934353574966286,12.489684827740868,12.530345645750405,2.363745345395881,7.830147207604488,10.44237052278195,7.119052062210894,12.690504263042097,7.787143798243869,16.947760500773736,9.736086822669009,8.656287711732372,13.231234149289673,19.76062756710587,15.302191228700504,16.977367688838985,2.704150655971286,2.704150655971286,2.704150655971286,11.150467150445385,6.203193075729592,16.827614106057744,18.682839837444842,9.499747885276046,11.591579594388795,9.769637276726995,18.284908725457804,7.520084651950375,8.61569513153273,17.455120887562547,10.344695855444247,19.674469636702504,7.666167948139907,17.04142489381628,3.805816987462828,3.805816987462828
8.094746897506912,8.328865017981244,5.571198881959553,7.743844887307016,13.930575785473236,10.63393060187982,11.218587959141246,13.25007887565097,5.381405692509528,15.452430161675583,6.391415361782953,9.931240577163582,13.063769108826985,17.927317709408882,5.768717026016555,5.6075025327767065,10.260472281594579,15.090758347826666,15.289252032481135,13.91852581831975,7.214389968050826,17.50851896222112,5.3551495273521805,3.0927479157171844,3.0927479157171844,4.391844454622596,4.391844454622596,19.473835067147007,7.8128630851849845,12.138821146278344,8.634518450487144,9.302807332498874,13.679153287044187,13.285190471183483,8.464410175977699,12.916503361603885
7.015940038891749,8.168347683554007,19.387475944398833,5.746321049016611,19.640971879662516,7.893202550899073,11.52603952872591,16.39621515350172,8.888896761415655,8.190886924297084,9.225236713978852,5.2295183138392165,13.370672697986562,10.957325292321189,1.1430209289634363,1.1430209289634363,18.510992773915316,14.242391023285014,16.528109919869667,6.619632878580504,13.126140458265017,9.833259476081928,12.215021286327367,8.323086717981557,17.321715347765206,18.045434592527627,8.87159336534987,17.68976379835738,6.866183729150549,17.187766640654488,17.839315346629675,10.835546647422285,17.30207934873827,6.40886106306794,9.068232056731672,8.478045900980526
